Close,High,Low,Open,Volume
BTC-USD,BTC-USD,BTC-USD,BTC-USD,BTC-USD
40201.953125,40218.01953125,39770.62109375,39877.59375,261240832
39794.4140625,40158.6328125,39785.09765625,40158.6328125,485638144
39737.5,39861.29296875,39704.3359375,39768.77734375,0
39578.9296875,39765.1875,39563.7890625,39733.1796875,149598208
39640.20703125,39708.58203125,39554.08203125,39591.54296875,124014592
39761.859375,39787.6171875,39636.171875,39636.171875,231684096
39842.14453125,39847.8515625,39647.890625,39761.953125,203042816
39936.609375,40104.70703125,39799.4921875,39841.16796875,152778752
39937.8984375,40072.7890625,39852.16015625,39942.875,0
40009.64453125,40062.11328125,39893.3359375,39928.375,0
40329.97265625,40483.78515625,39976.875,40003.37890625,0
40180.40625,40320.38671875,40112.48828125,40320.38671875,0
40017.5,40271.26953125,39995.66796875,40186.12890625,0
39945.3671875,40077.32421875,39892.6328125,40010.06640625,46841856
39833.20703125,40161.859375,39768.96484375,39962.38671875,0
40020.890625,40086.10546875,39854.37109375,39898.75390625,0
40148.47265625,40156.3515625,39917.00390625,40032.5859375,0
40090.10546875,40170.71875,40040.81640625,40164.35546875,0
39728.84375,40121.78515625,39619.5625,40121.78515625,0
39806.59765625,39809.68359375,39645.1171875,39742.14453125,0
39633.53515625,39958.29296875,39508.796875,39787.90234375,0
39754.0078125,39754.0078125,39548.15625,39548.15625,93120512
39849.36328125,39873.453125,39744.671875,39752.18359375,0
40073.890625,40155.6171875,39839.25390625,39859.4765625,0
40150.88671875,40154.67578125,40003.7421875,40075.55078125,0
39982.3046875,40153.39453125,39938.1171875,40153.39453125,0
39923.01953125,40055.34375,39920.35546875,39966.26953125,0
39998.15234375,40073.640625,39928.33984375,39928.33984375,0
39943.10546875,40009.83984375,39910.75390625,40003.63671875,0
39858.38671875,39947.6875,39779.9140625,39945.29296875,0
40025.46875,40025.46875,39858.9375,39858.9375,0
40096.54296875,40106.41015625,39978.13671875,40018.421875,0
40051.83203125,40144.00390625,40013.2421875,40098.65625,0
40026.3046875,40107.30859375,40026.3046875,40059.24609375,0
40091.23046875,40091.23046875,39967.70703125,40014.6796875,0
40152.125,40254.17578125,40075.53515625,40090.2890625,66689024
39869.59375,40242.34375,39843.3203125,40161.94140625,159258624
39909.109375,39940.265625,39794.40625,39869.1484375,0
39990.7578125,40067.42578125,39884.921875,39909.671875,0
39830.1875,40007.390625,39640.21484375,39999.0078125,0
39687.0,39820.66015625,39674.4921875,39796.85546875,106539008
39799.140625,39808.6484375,39545.6640625,39682.3359375,209827840
39849.16796875,39986.03515625,39744.2421875,39793.0078125,194283520
39950.9453125,39969.8984375,39735.91015625,39836.265625,58537984
39636.14453125,39980.28125,39636.14453125,39962.18359375,0
39916.625,39916.625,39780.09375,39793.2109375,0
39959.33984375,39959.33984375,39891.35546875,39907.36328125,0
39937.8046875,39966.62109375,39893.98046875,39954.05859375,0
39885.53515625,39949.4921875,39885.53515625,39936.81640625,0
39919.1015625,39948.18359375,39825.69140625,39884.65625,0
40121.92578125,40180.0546875,39925.8203125,39925.8203125,396767232
40054.82421875,40170.59375,40053.421875,40122.0546875,0
40123.0859375,40181.91015625,40050.48046875,40051.75,0
40093.109375,40161.2421875,40071.01171875,40129.03515625,0
39998.0703125,40134.65234375,39994.3984375,40093.5703125,0
39958.69921875,40011.828125,39902.55078125,39993.24609375,212871168
40115.41796875,40152.40234375,39962.73828125,39962.73828125,131334144
40091.71484375,40364.0546875,40091.71484375,40114.38671875,414404608
40703.53125,40712.9140625,40062.43359375,40062.43359375,1031471104
41279.234375,41299.84375,40678.625,40678.625,1504647168
41129.71484375,41463.58203125,41087.71875,41272.875,970024960
41017.55859375,41190.4375,40942.30859375,41125.046875,85553152
41474.5,41474.5,41004.79296875,41004.79296875,267491328
41400.3671875,41541.41015625,41223.046875,41541.41015625,639991808
41957.8984375,41973.21484375,41400.65625,41400.65625,1201637376
41901.0,41989.38671875,41765.7265625,41952.96484375,323250176
42093.23046875,42164.74609375,41846.2734375,41907.984375,85852160
42022.640625,42103.01953125,41954.46484375,42096.609375,240123904
41965.0859375,42209.38671875,41850.86328125,42058.94140625,340680704
41996.3984375,42034.78515625,41881.8671875,41977.68359375,0
41911.59765625,42005.25390625,41838.3359375,42000.171875,303376384
41856.6875,41942.0703125,41850.21875,41903.2578125,8779776
41790.2265625,41858.55859375,41725.16796875,41815.625,188391424
41817.78515625,41926.40625,41778.94140625,41786.20703125,7059456
41846.00390625,41890.71484375,41814.390625,41814.390625,0
41809.05078125,41859.82421875,41774.5234375,41844.50390625,0
41847.3515625,41871.1328125,41802.4296875,41812.65234375,0
41765.06640625,41867.6171875,41754.3203125,41844.27734375,0
41719.5703125,41809.12109375,41719.5703125,41766.37109375,0
41691.609375,41725.1875,41622.109375,41710.40234375,0
41462.734375,41706.1484375,41456.19140625,41706.1484375,34424832
41686.42578125,41727.8671875,41431.28125,41472.2109375,0
41753.46875,41782.91015625,41662.23828125,41672.26953125,0
41757.62890625,41782.58984375,41716.65625,41752.3984375,0
41756.44140625,41797.0703125,41717.12890625,41758.97265625,0
41729.98046875,41794.45703125,41727.88671875,41752.41015625,0
41751.07421875,41817.22265625,41737.1015625,41739.61328125,0
41817.4375,41886.7109375,41750.3203125,41761.0234375,0
41818.60546875,41893.54296875,41801.40625,41816.70703125,0
41780.78515625,41839.90625,41780.78515625,41813.1015625,0
41793.32421875,41810.79296875,41753.984375,41785.515625,0
41915.40625,41965.56640625,41791.95703125,41793.109375,0
42070.8828125,42070.8828125,41914.578125,41914.578125,0
42138.578125,42163.53125,42028.5546875,42062.05859375,0
42148.93359375,42195.6328125,42090.1015625,42146.79296875,0
42119.79296875,42159.63671875,42104.5,42155.0859375,18596864
41981.29296875,42143.890625,41959.3984375,42126.125,0
42101.015625,42226.1796875,41988.02734375,41988.02734375,322717696
42102.6953125,42173.046875,42100.8828125,42100.8828125,82607104
42229.41796875,42229.41796875,42104.03515625,42105.69921875,0
42727.4609375,42727.4609375,42223.47265625,42223.47265625,898724864
42553.046875,42797.17578125,42478.16796875,42704.71484375,837014528
42409.19921875,42570.1484375,42329.4609375,42556.1796875,386885632
42388.0,42511.046875,42369.3671875,42410.43359375,71604224
42484.90234375,42606.16796875,42338.703125,42390.40625,23231488
42590.296875,42681.6640625,42442.91796875,42488.37890625,116336640
42612.2265625,42641.046875,42510.859375,42583.70703125,13275136
42467.42578125,42616.0859375,42387.90625,42609.98828125,246128640
42417.734375,42492.6796875,42303.37890625,42473.265625,316009472
42398.0078125,42432.48828125,42276.21484375,42416.21484375,251557888
42297.42578125,42509.91796875,42285.35546875,42393.1015625,209399808
42259.73046875,42393.81640625,42182.23828125,42291.33203125,241510400
42314.921875,42336.37109375,42177.8203125,42256.0859375,183810048
42186.2890625,42310.3828125,42110.640625,42310.0625,217745408
41989.828125,42179.36328125,41944.33203125,42179.36328125,333031424
41786.390625,42011.3359375,41742.24609375,41982.78125,258987008
41957.390625,41957.390625,41696.91015625,41790.0078125,321176576
41988.1328125,42011.265625,41818.2890625,41948.19140625,47665152
41830.78125,41986.078125,41708.87109375,41986.078125,69282816
42029.4375,42065.34375,41770.5078125,41832.51171875,172996608
41978.1640625,42048.6171875,41894.50390625,42030.9140625,0
42156.296875,42280.921875,41975.54296875,41975.54296875,0
42221.0703125,42302.6875,42141.74609375,42157.875,69437440
42336.76953125,42477.41796875,42228.20703125,42228.20703125,341699584
42224.28125,42333.6015625,42203.8984375,42333.6015625,0
42136.5078125,42265.51171875,42135.1875,42217.359375,0
42149.76953125,42244.21484375,42137.69140625,42138.59765625,0
42047.47265625,42232.2265625,42025.40625,42156.91796875,0
42125.4296875,42129.22265625,41970.09375,42048.78125,0
42260.33203125,42285.97265625,41966.58203125,42121.984375,0
42313.5703125,42366.20703125,42224.2890625,42271.8828125,35737600
42223.18359375,42342.53515625,42206.421875,42310.328125,0
42098.234375,42361.4375,42003.4453125,42231.26171875,0
41996.125,42124.21875,41945.5390625,42106.92578125,241610752
41935.5625,42081.9453125,41818.33203125,41999.30859375,365764608
42601.80078125,42601.80078125,41880.140625,41940.453125,839596032
43169.67578125,43301.41796875,42544.390625,42620.609375,2546868224
42993.51953125,43298.953125,42952.7890625,43194.8984375,964724736
43026.4765625,43108.171875,42907.01171875,42997.34375,304699392
43013.08984375,43131.93359375,43007.59375,43032.39453125,105916416
43146.0546875,43198.9140625,43000.62890625,43000.62890625,126695424
43215.44140625,43251.6015625,43086.9453125,43165.37109375,299372544
43150.125,43213.57421875,43104.5,43201.875,0
43276.203125,43305.8671875,43097.078125,43137.21484375,89645056
43186.1796875,43300.2265625,43154.61328125,43300.2265625,88756224
43439.39453125,43540.2265625,43169.21875,43176.34765625,759519232
43621.71875,43750.42578125,43436.4453125,43436.4453125,613234688
43506.83984375,43668.1640625,43480.453125,43615.265625,192352256
43416.4296875,43552.82421875,43414.19921875,43513.42578125,114405376
43358.453125,43455.43359375,43353.56640625,43415.69140625,4075520
43333.53515625,43417.51171875,43269.71875,43364.43359375,95340544
43351.80859375,43433.26171875,43320.625,43336.4609375,81233920
43381.890625,43453.17578125,43238.62890625,43353.484375,163819520
43320.28515625,43431.33984375,43320.28515625,43412.65234375,0
43481.72265625,43481.72265625,43298.234375,43321.078125,34646016
43542.4375,43547.5078125,43419.015625,43474.87890625,206694400
43362.70703125,43838.9453125,43272.25,43535.8671875,1135927296
43296.57421875,43468.55859375,43172.9296875,43385.01171875,368224256
43424.15234375,43471.765625,43139.0234375,43247.62890625,164923392
43349.89453125,43583.65625,43334.68359375,43450.546875,14835712
43488.3828125,43495.03515625,43233.5234375,43365.5625,0
43411.921875,43586.52734375,43318.4375,43495.46875,0
43383.40234375,43481.47265625,43296.3671875,43409.3984375,0
43534.57421875,43554.82421875,43344.3515625,43372.3203125,0
43641.15234375,43731.90625,43511.48828125,43545.546875,759971840
43545.640625,43683.09375,43500.671875,43571.0703125,159399936
43346.44921875,43570.07421875,43346.44921875,43551.4140625,20652032
42941.28125,43350.0,42711.37109375,43350.0,704018432
42917.44921875,43053.9375,42873.578125,42946.25,492331008
42806.109375,42990.46484375,42727.9140625,42940.72265625,0
42872.04296875,42872.04296875,42691.06640625,42776.56640625,0
42917.40234375,42975.6875,42856.04296875,42863.8671875,0
42956.07421875,42974.3046875,42869.16015625,42917.01171875,0
42971.140625,43024.42578125,42917.7734375,42947.94140625,6277120
42948.46484375,43034.1328125,42911.34375,42966.9765625,0
43048.8671875,43048.8671875,42931.625,42954.8984375,0
42963.125,43047.10546875,42929.2890625,43038.32421875,0
42680.44921875,42959.32421875,42680.44921875,42959.32421875,163700736
42431.96484375,42751.70703125,42408.87890625,42634.734375,640903168
42629.55078125,42630.78125,42356.31640625,42391.32421875,238878720
42598.65625,42692.75390625,42528.50390625,42624.26171875,0
42758.5703125,42857.546875,42511.5,42598.5390625,0
42904.796875,42939.0234375,42564.390625,42778.51953125,294918144
43343.2890625,43418.1328125,42726.22265625,42874.66015625,629798912
43482.87109375,43556.265625,43312.05859375,43350.87890625,122363904
43653.33203125,43653.33203125,43458.84765625,43470.77734375,67620864
43493.81640625,43717.40625,43476.14453125,43717.40625,26341376
43319.1171875,43536.36328125,43056.84375,43495.86328125,807354368
42621.86328125,43335.83203125,42601.3828125,43317.0703125,322527232
42424.4921875,42671.625,42298.9453125,42528.421875,745455616
42645.18359375,42661.39453125,42368.63671875,42451.41015625,263684096
42590.13671875,42639.01953125,42542.87109375,42638.484375,0
42455.4765625,42632.48046875,42236.43359375,42569.76171875,0
41985.40625,42448.76171875,41879.19140625,42448.76171875,648820736
42108.98046875,42131.9609375,41951.44140625,41951.44140625,8837120
41995.87890625,42140.01953125,41955.21875,42128.859375,132382720
42043.20703125,42096.69921875,41896.6015625,41988.73828125,397076480
42112.6015625,42136.0703125,42010.859375,42032.40234375,118726656
42129.91015625,42176.75390625,42088.4296875,42114.08984375,105451520
42185.4140625,42251.98046875,42099.7578125,42152.046875,50952192
42197.796875,42202.03515625,42088.9296875,42160.23046875,0
42104.31640625,42207.5390625,42104.31640625,42199.54296875,0
42202.171875,42287.953125,42087.14453125,42107.109375,0
42028.671875,42254.75390625,42028.671875,42190.9765625,0
42104.3125,42177.28125,41933.18359375,42045.484375,214921216
42203.859375,42254.99609375,41975.75,42108.72265625,0
42585.9296875,42585.9296875,42190.2109375,42200.9375,0
42548.1171875,42908.3203125,42539.01171875,42622.51171875,0
42666.47265625,42675.5859375,42376.21484375,42510.34375,0
42923.203125,43145.015625,42633.62890625,42660.51171875,416905216
42842.984375,43016.6796875,42774.86328125,42912.16015625,0
43178.9609375,43243.16796875,42838.23046875,42838.23046875,0
42944.08203125,43211.50390625,42902.20703125,43192.3984375,0
43127.125,43195.54296875,42976.9375,42976.9375,0
42940.125,43103.64453125,42895.24609375,43103.64453125,0
43070.765625,43074.37109375,42891.515625,42931.5703125,0
43189.73046875,43398.3125,43053.44140625,43077.640625,80607232
43109.40625,43280.04296875,43106.7734375,43179.171875,0
43071.83203125,43170.18359375,43036.16015625,43109.2109375,0
43027.265625,43090.65625,43017.24609375,43069.06640625,0
42957.46484375,43041.84375,42935.296875,43028.625,0
43093.3828125,43093.3828125,42947.859375,42951.54296875,0
43161.37109375,43228.28125,43079.27734375,43090.40234375,137959424
43095.875,43213.24609375,43090.67578125,43143.2890625,214960128
42981.015625,43087.17578125,42954.26953125,43083.5078125,54661120
42964.14453125,43032.234375,42947.484375,42990.828125,0
43109.84765625,43109.84765625,42938.38671875,42960.35546875,172511232
43128.0546875,43160.18359375,43044.4453125,43100.828125,27312128
43120.42578125,43208.87890625,43059.87109375,43131.89453125,0
42615.8671875,43128.515625,42584.3359375,43119.22265625,194224128
42788.48828125,42871.53125,42608.9453125,42661.96484375,242878464
43204.4375,43204.4375,42746.21484375,42787.0390625,0
43208.515625,43422.48828125,43113.79296875,43205.28125,444780544
42924.40625,43267.87890625,42924.40625,43214.00390625,0
42905.4765625,42952.25390625,42802.3515625,42934.08203125,0
43046.7109375,43052.4765625,42902.19921875,42902.19921875,0
42903.9375,43062.5859375,42902.81640625,43044.4375,0
43004.91015625,43048.1015625,42928.4296875,42928.4296875,0
43169.0859375,43169.0859375,42987.453125,42995.0234375,0
43177.05859375,43205.43359375,43124.05078125,43179.36328125,0
43220.21875,43359.94140625,43155.8203125,43184.96484375,0
43195.43359375,43293.1171875,43174.96875,43223.73046875,0
43154.03515625,43203.3125,43149.2109375,43193.33203125,0
43163.22265625,43210.4375,43135.8515625,43161.8671875,0
43177.76953125,43202.734375,43152.91015625,43159.26171875,0
43144.8828125,43183.7890625,43100.9140625,43180.2578125,0
43094.203125,43152.08984375,43075.80859375,43149.40234375,0
43046.75390625,43113.07421875,43046.75390625,43083.62890625,0
43003.0703125,43076.23828125,43003.0703125,43043.5703125,0
43085.05078125,43110.04296875,43008.1171875,43008.1171875,0
43045.8125,43108.70703125,43043.61328125,43077.7109375,0
42983.5625,43051.65625,42973.34765625,43050.78125,0
43053.8828125,43067.52734375,42974.18359375,42988.37109375,0
43058.546875,43076.76171875,43034.91796875,43056.82421875,0
43030.609375,43061.51953125,43024.515625,43055.98046875,0
43112.83984375,43145.171875,42890.80859375,43033.4609375,0
43088.36328125,43167.9609375,43068.5078125,43108.46875,0
43225.4765625,43249.43359375,43086.41015625,43086.41015625,0
43054.078125,43225.265625,43024.1328125,43220.04296875,0
43034.046875,43071.83984375,43008.7109375,43057.0390625,0
43057.92578125,43085.50390625,43003.984375,43046.55078125,0
43030.7890625,43075.7890625,43016.85546875,43055.3671875,0
43022.49609375,43070.23828125,43005.66015625,43033.5234375,0
42985.94921875,43065.22265625,42946.0234375,43020.94921875,0
43000.4921875,43000.4921875,42898.7890625,42994.94140625,0
43033.03515625,43033.03515625,42945.8046875,43001.01953125,0
43008.734375,43050.37109375,43008.734375,43028.82421875,46392320
43014.84375,43030.046875,43008.0625,43008.0625,79617024
42904.53125,43022.48828125,42904.53125,43015.984375,175692800
42888.55078125,42936.1953125,42870.0,42909.40234375,288136192
42756.96875,42924.5078125,42756.96875,42885.25390625,303273984
42835.14453125,42847.6796875,42741.36328125,42741.36328125,271832064
42788.5625,42834.67578125,42778.01171875,42834.67578125,121385984
42945.11328125,42961.58984375,42739.31640625,42789.61328125,385233920
42931.70703125,42938.02734375,42872.5390625,42933.51171875,108703744
43046.21484375,43092.91015625,42927.4375,42928.68359375,261355520
43010.0859375,43097.64453125,42999.98046875,43046.8828125,218459136
42983.0390625,43016.44921875,42961.59375,42998.6015625,287731712
42869.3671875,43004.02734375,42863.484375,42981.36328125,432437248
42923.109375,42938.40625,42845.70703125,42865.46875,0
42902.41796875,42925.58984375,42871.5703125,42923.34375,0
42885.640625,42946.171875,42838.91796875,42896.94140625,0
42790.4375,42919.89453125,42753.03515625,42886.53125,0
42636.0546875,42804.55859375,42593.3515625,42786.34765625,472934400
42840.046875,42892.5625,42578.27734375,42629.75390625,400409600
42758.41015625,42932.9921875,42758.41015625,42860.7421875,207597568
42554.03515625,42852.5546875,42374.83203125,42761.52734375,495232000
42575.1640625,42634.54296875,42535.01171875,42557.2265625,101886976
42372.81640625,42597.265625,42354.11328125,42577.62109375,68320256
42501.58203125,42501.58203125,42264.81640625,42356.0390625,325723136
42408.19921875,42498.14453125,42370.91796875,42498.14453125,44574720
42675.328125,42675.328125,42414.88671875,42414.88671875,69873664
42718.7578125,42764.921875,42647.125,42686.12890625,57805824
42741.3828125,42741.3828125,42609.2109375,42717.1328125,0
42788.9375,42789.4140625,42672.3125,42736.16796875,0
43013.55859375,43120.62109375,42762.80078125,42780.1328125,410952704
43000.9453125,43152.2734375,42962.80078125,43034.35546875,196384768
42999.3125,43014.51171875,42918.44140625,42992.37890625,0
43107.3515625,43204.21484375,42996.23828125,42996.23828125,381602816
43145.78125,43145.78125,43056.0859375,43101.890625,0
43218.98046875,43221.55078125,43096.2734375,43157.484375,0
43383.5390625,43494.25,43205.87890625,43217.75390625,717299712
43136.2421875,43454.171875,43134.03125,43399.04296875,67350528
42593.31640625,43149.14453125,42581.55078125,43149.14453125,1234941952
42700.5390625,42700.5390625,42495.85546875,42593.7421875,1056763904
42676.97265625,42772.8671875,42621.5078125,42686.7890625,330317824
42639.29296875,42678.5078125,42561.62109375,42674.19921875,142938112
42725.58984375,42812.2109375,42672.015625,42673.37890625,0
42353.14453125,42745.5703125,42322.46875,42723.55078125,342372352
42356.0859375,42475.20703125,42343.19921875,42373.05859375,131094528
42457.984375,42461.68359375,42298.296875,42347.06640625,0
42657.2109375,42664.51953125,42430.91796875,42452.28515625,50204672
42556.5234375,42677.4375,42555.44921875,42657.390625,0
42636.99609375,42693.16015625,42529.01953125,42554.69921875,0
42808.24609375,42861.28515625,42612.76171875,42633.609375,181991424
42808.9296875,42904.64453125,42727.69921875,42803.01953125,24309760
42777.296875,42872.453125,42749.73046875,42809.48828125,0
42735.921875,42785.0078125,42709.75,42778.57421875,267448320
42734.9765625,42738.53125,42639.80078125,42738.53125,0
42849.98046875,42849.98046875,42720.70703125,42731.5234375,0
43011.4453125,43030.26171875,42841.75390625,42841.75390625,98879488
42955.42578125,43052.265625,42913.57421875,43022.6328125,150888448
42755.52734375,43046.58203125,42685.375,42958.19140625,256843776
42786.171875,42793.8515625,42683.92578125,42755.265625,208898048
42721.8359375,42849.80859375,42625.8984375,42785.9140625,186916864
42820.90625,42928.50390625,42722.38671875,42739.19140625,0
42903.3671875,43029.47265625,42791.00390625,42876.41015625,0
43211.109375,43211.109375,42878.6484375,42901.4375,0
43172.63671875,43344.1484375,43146.98828125,43214.28515625,0
43163.75390625,43234.78515625,43111.7265625,43154.484375,11978752
43173.92578125,43238.82421875,43027.640625,43169.0703125,44183552
43264.6328125,43264.6328125,43110.453125,43179.62890625,72925184
43107.53125,43297.81640625,43081.390625,43261.73046875,0
43183.6015625,43256.61328125,43068.50390625,43091.45703125,0
43198.25,43211.83984375,43123.015625,43183.2890625,0
43085.640625,43218.03515625,43069.13671875,43192.8203125,0
43080.9921875,43176.140625,43054.0,43090.01953125,71643136
43045.8515625,43163.01953125,43045.8515625,43072.765625,0
43046.31640625,43081.72265625,43012.90625,43041.546875,0
42775.95703125,43031.6796875,42775.95703125,43029.12109375,224073728
42897.92578125,42904.76953125,42781.453125,42781.453125,191854592
42995.0625,43016.49609375,42882.55078125,42898.03515625,152882176
42917.53515625,42998.6640625,42877.44921875,42998.6640625,53594112
42883.0625,42963.05859375,42878.17578125,42924.94140625,0
42900.5859375,42931.546875,42862.50390625,42879.7109375,0
43137.4765625,43169.54296875,42896.6015625,42915.640625,13342720
42846.52734375,43138.21484375,42845.625,43138.21484375,0
42901.48046875,42953.7421875,42860.46484375,42860.46484375,0
43046.8671875,43055.1171875,42869.11328125,42906.55078125,0
43131.8671875,43133.73828125,43021.7421875,43054.1015625,0
42994.82421875,43290.4296875,42994.82421875,43124.69921875,296242176
43040.0546875,43153.69921875,42941.6171875,42998.390625,0
43173.28515625,43173.28515625,43000.63671875,43044.171875,0
43493.515625,43654.44140625,43198.8828125,43208.45703125,1587386368
43621.03515625,43641.51171875,43435.67578125,43476.60546875,534598656
43610.95703125,43655.01171875,43432.59765625,43630.4375,254406656
44109.109375,44222.85546875,43602.5390625,43602.5390625,1867833344
44178.0859375,44341.94921875,44118.55078125,44118.55078125,975544320
44147.1171875,44308.94921875,44133.48828125,44179.3671875,351318016
44317.8359375,44317.8359375,44155.10546875,44155.5,213698560
44643.0234375,44643.0234375,44332.125,44332.125,1248501760
44659.71484375,44664.15625,44499.26171875,44651.51171875,614146048
44622.4140625,44728.54296875,44545.52734375,44656.68359375,638167040
44525.97265625,44700.97265625,44525.3984375,44639.0859375,101421056
44470.33984375,44570.3125,44470.33984375,44522.0078125,0
44527.23828125,44590.57421875,44472.8671875,44474.953125,145307648
44453.26171875,44540.08203125,44447.49609375,44535.1640625,62007296
44497.52734375,44522.59375,44438.35546875,44452.078125,158504960
44705.62890625,44719.46484375,44495.8828125,44495.8828125,422479872
44679.890625,44742.12109375,44600.4609375,44700.921875,83445760
44798.23046875,44815.46484375,44668.95703125,44675.36328125,379770880
44679.8046875,44862.5078125,44679.8046875,44800.1171875,340064256
44670.98046875,44819.4765625,44616.8203125,44681.26171875,216311808
44951.07421875,44951.07421875,44673.28515625,44673.28515625,403953664
45045.6328125,45159.29296875,44909.7734375,44961.2890625,1078876160
45436.859375,45440.71484375,44963.15625,45056.21875,1302767616
45087.23828125,45440.5546875,44943.19921875,45435.59765625,931037184
45032.3125,45205.5078125,44924.2890625,45069.71484375,0
45283.95703125,45289.75,45022.99609375,45040.921875,0
45301.77734375,45394.37109375,45240.52734375,45297.4140625,59717632
45493.69140625,45575.83984375,45290.36328125,45290.36328125,0
45347.9140625,45499.7265625,45313.92578125,45499.7265625,0
45307.85546875,45396.046875,45260.79296875,45328.734375,0
45303.921875,45386.90625,45276.37109375,45278.5078125,0
45302.5703125,45402.3671875,45260.82421875,45297.3828125,0
45480.0859375,45489.18359375,45289.28125,45304.28515625,0
46273.94140625,46318.59375,45445.453125,45479.390625,1282721792
46034.39453125,46295.81640625,46030.9296875,46261.625,681252864
45930.96875,46116.125,45855.19921875,46037.5390625,421677056
46269.015625,46269.015625,45935.4375,45939.6640625,319211520
46192.9609375,46257.3515625,46136.875,46257.3515625,111126528
46221.64453125,46366.50390625,46187.1328125,46187.1328125,717428736
46629.98828125,46629.98828125,46211.92578125,46211.92578125,517158912
46550.6015625,46712.0546875,46500.41015625,46633.46875,868354048
46778.9375,46778.9375,46525.75,46525.75,0
47146.6953125,47243.11328125,46710.95703125,46777.1015625,1311739904
47334.24609375,47539.9453125,47154.33984375,47180.23046875,2612099072
47462.2890625,47610.89453125,47247.93359375,47314.8203125,723679232
47074.96484375,47697.2734375,46751.2890625,47461.05859375,1245087744
47146.9140625,47251.25390625,46819.32421875,47061.1484375,183058432
47263.42578125,47460.40625,47156.8984375,47160.6796875,0
47601.5234375,47650.24609375,47243.6796875,47292.25390625,367050752
47597.34375,48152.49609375,47529.82421875,47674.06640625,2317668352
47542.0546875,47668.1640625,47361.65625,47613.69921875,853090304
47535.89453125,47695.375,47533.58203125,47533.58203125,0
47563.70703125,47614.96875,47354.9140625,47546.85546875,229486592
47300.38671875,47576.0078125,47167.48828125,47545.2578125,155820032
47153.45703125,47302.0625,47109.41796875,47300.9453125,28631040
47091.48828125,47267.0703125,47080.70703125,47163.984375,90198016
47341.6796875,47358.0625,47094.73046875,47102.61328125,239165440
47342.74609375,47352.71875,47303.25390625,47332.45703125,0
47395.02734375,47508.7734375,47341.96484375,47341.96484375,0
47429.20703125,47449.1484375,47360.48828125,47402.0390625,0
47363.359375,47452.84375,47319.0234375,47436.69140625,0
47359.15625,47389.98828125,47313.546875,47365.18359375,0
47209.80078125,47372.3046875,47208.42578125,47366.9921875,0
47127.63671875,47289.59375,47121.26953125,47187.484375,0
47100.39453125,47259.6875,47100.39453125,47138.22265625,0
46939.01953125,47195.3125,46905.3203125,47103.87890625,0
47209.7265625,47217.5625,46913.86328125,46926.73828125,0
47268.1640625,47281.41796875,47191.48828125,47208.515625,0
47341.5234375,47361.4765625,47143.47265625,47265.6796875,0
47302.16015625,47378.35546875,47278.58203125,47330.11328125,0
47363.31640625,47370.39453125,47275.109375,47295.203125,0
47267.1171875,47365.14453125,47250.46484375,47364.22265625,0
47221.96875,47351.6875,47197.65234375,47272.89453125,0
47354.6875,47354.6875,47221.9296875,47221.9296875,0
47578.41015625,47657.0390625,47339.69921875,47359.0859375,0
47982.1796875,48146.171875,47493.16015625,47544.1875,0
47938.39453125,48124.1640625,47811.734375,47890.62890625,84145152
47815.41796875,47951.0703125,47664.5703125,47951.0703125,0
47768.953125,47940.40234375,47742.51171875,47835.578125,0
47747.3828125,47786.86328125,47650.0625,47768.96875,0
47647.375,47770.5859375,47617.40625,47767.828125,0
47779.6171875,47779.6171875,47655.12890625,47655.12890625,29049856
48490.69140625,48490.69140625,47782.78125,47782.78125,1360573440
48304.26953125,48535.9375,48289.87109375,48535.9375,839434240
48251.45703125,48336.8984375,48205.0390625,48315.26953125,277729280
48234.33984375,48304.96484375,48173.80859375,48250.015625,332695552
48198.4765625,48366.90625,48101.94921875,48238.09765625,276854784
48141.23046875,48300.73046875,48109.25390625,48200.8046875,34310144
48145.875,48241.703125,48145.875,48156.93359375,0
48133.59375,48200.80078125,47965.1640625,48159.04296875,0
48449.66015625,48449.66015625,48165.12109375,48165.12109375,2877440
48326.82421875,48470.046875,48306.12890625,48413.4296875,243470336
48100.6640625,48369.7109375,48081.57421875,48323.125,234407936
48254.671875,48254.671875,47973.4609375,48093.27734375,369313792
48159.5390625,48253.54296875,48052.98828125,48253.54296875,123893760
48124.703125,48215.234375,48004.234375,48163.765625,338595840
48305.9921875,48394.49609375,48127.859375,48127.859375,320141312
48316.65234375,48350.7734375,48063.53125,48308.84765625,381171712
48298.40234375,48375.1953125,48273.40234375,48293.578125,0
48055.09765625,48368.015625,48022.14453125,48299.52734375,0
48114.2578125,48143.171875,48004.953125,48059.67578125,0
48133.69140625,48232.265625,48121.4921875,48125.1015625,0
48279.78515625,48279.78515625,48043.98828125,48154.19921875,9709568
48605.1484375,48796.375,48271.515625,48296.38671875,1345218560
48502.2734375,48616.578125,48399.3671875,48611.7109375,378603520
48138.65625,48557.62109375,48065.81640625,48496.41015625,520148992
48171.53125,48239.12890625,48102.2890625,48176.125,0
48081.703125,48174.06640625,48070.57421875,48174.06640625,0
48114.55078125,48190.78515625,48090.6484375,48090.6484375,0
48131.35546875,48155.53515625,47830.70703125,48099.74609375,203012096
48205.734375,48383.5390625,48158.10546875,48158.10546875,317581312
48120.87109375,48308.953125,48105.7265625,48216.2265625,71710720
47893.9921875,48126.5234375,47853.2109375,48119.5,261965824
47900.16015625,48062.2421875,47745.76171875,47890.50390625,427399168
47891.6015625,47909.9140625,47776.87890625,47884.171875,37416960
48016.6796875,48016.6796875,47867.3125,47902.58984375,0
47941.83984375,48035.703125,47897.07421875,48030.80078125,0
48790.27734375,48790.27734375,47937.73828125,47946.42578125,1198114816
49940.51953125,49940.51953125,48706.80078125,48790.265625,4706725888
49605.6796875,49939.5234375,49497.7734375,49939.5234375,2254135296
49874.83984375,50255.66796875,49588.01953125,49598.81640625,2967369728
49758.71484375,49998.7734375,49714.515625,49869.43359375,812859392
49601.328125,49927.078125,49583.09375,49749.07421875,728903680
50216.046875,50246.63671875,49547.94140625,49547.94140625,998402048
49853.4609375,50280.4765625,49853.4609375,50176.953125,602937344
50021.359375,50076.16015625,49855.28125,49855.28125,227731456
49971.5078125,50052.05078125,49901.8671875,50036.640625,148647936
50102.671875,50147.09375,49937.21484375,49941.359375,0
50137.5859375,50358.390625,50019.5546875,50110.8984375,207648768
49972.38671875,50162.19140625,49893.44140625,50162.19140625,0
49810.265625,49967.3203125,49768.92578125,49967.3203125,196065280
49934.19921875,49975.6640625,49809.1796875,49809.1796875,133482496
50061.3359375,50061.3359375,49850.29296875,49926.2890625,4792463360
50016.17578125,50109.0390625,49999.73828125,50069.59375,0
50004.3828125,50122.79296875,49928.4921875,50018.03515625,0
50146.60546875,50156.63671875,49997.0546875,50014.65234375,268627968
50237.375,50237.375,50032.52734375,50135.45703125,339345408
49890.8046875,50217.5,49888.4921875,50217.5,169406464
49984.68359375,50025.2265625,49692.7890625,49879.43359375,261152768
49876.75390625,49995.36328125,49824.171875,49995.36328125,0
49600.35546875,49939.5390625,49254.44140625,49876.703125,1677209600
48741.4609375,49636.91796875,48599.03125,49545.53125,2792251392
48779.56640625,48973.515625,48484.65234375,48704.81640625,0
48527.75,48856.71875,48527.75,48749.43359375,0
48852.87890625,48852.87890625,48406.49609375,48497.3046875,0
49136.5625,49287.41015625,48866.83984375,48866.83984375,210128896
49042.9375,49263.5625,48961.796875,49129.66796875,0
49423.66796875,49531.62890625,49059.08984375,49059.08984375,40280064
49536.23828125,49742.3046875,49393.453125,49421.1640625,0
49568.125,49652.58203125,49412.10546875,49554.5390625,0
49757.69921875,49781.21875,49401.2421875,49545.8984375,0
49527.734375,49733.4453125,49453.3203125,49733.4453125,0
49455.0234375,49554.50390625,49382.3046875,49522.41796875,0
49520.76953125,49584.90234375,49417.60546875,49461.21484375,0
49541.91796875,49635.6328125,49511.546875,49520.61328125,0
49400.64453125,49596.4453125,49296.83203125,49541.8984375,87556096
49559.85546875,49654.92578125,49409.078125,49409.078125,29124608
49665.90234375,49665.90234375,49548.92578125,49570.34375,0
49871.40234375,49892.16796875,49663.7421875,49663.7421875,131176448
50686.1640625,50686.1640625,49795.15625,49870.62109375,882958336
51612.48828125,51667.3671875,50761.16015625,50786.54296875,4888612864
51318.1171875,51576.296875,51286.64453125,51576.296875,605224960
51586.265625,51698.609375,51068.2890625,51335.046875,919748608
51630.734375,51779.0859375,51452.4765625,51570.56640625,1376428032
51807.09765625,51809.2109375,51534.66796875,51593.36328125,0
51862.4296875,52021.37109375,51587.1484375,51737.2265625,0
51632.1640625,51975.484375,51373.28515625,51933.3828125,405237760
51626.515625,51739.62890625,51343.61328125,51614.0234375,364183552
51699.0546875,51739.9453125,51564.66015625,51621.33984375,0
51470.984375,51707.515625,51427.33984375,51684.00390625,0
51683.01171875,51699.2734375,51252.32421875,51465.65234375,149676032
51781.30859375,51903.66015625,51685.19140625,51702.046875,0
51798.78125,51818.91015625,51516.6484375,51716.5703125,0
51831.1484375,51831.1484375,51663.98046875,51762.953125,12075008
51819.515625,51919.8203125,51788.953125,51839.53515625,810127360
52360.2421875,52467.9609375,51829.49609375,51836.78515625,1603096576
51943.58984375,52371.015625,51801.421875,52371.015625,1201115136
52122.54296875,52233.50390625,51959.03515625,51959.03515625,699662336
52378.89453125,52394.9140625,52104.10546875,52104.10546875,529379328
52203.0546875,52385.1328125,52193.3359375,52384.47265625,160198656
51998.625,52281.92578125,51878.50390625,52197.99609375,451330048
52041.359375,52104.98046875,51900.453125,51993.953125,324894720
51821.828125,52141.12890625,51717.734375,52024.046875,209141760
51984.91015625,52001.77734375,51709.97265625,51825.77734375,0
52221.5625,52280.76171875,51946.94140625,51980.3984375,0
52349.00390625,52371.4375,52163.21484375,52224.1015625,0
52352.2265625,52495.5078125,52276.16015625,52341.6875,0
52348.56640625,52504.55078125,52195.6953125,52357.49609375,0
52261.37890625,52379.55078125,52134.42578125,52363.48046875,0
52677.578125,52820.06640625,52148.11328125,52253.23046875,0
51899.1640625,52670.58984375,51826.80078125,52661.12109375,0
52262.50390625,52355.515625,51789.1328125,51952.0625,1134968832
51978.45703125,52329.4921875,51971.20703125,52270.97265625,143278080
51977.3515625,52073.7890625,51864.73046875,51893.2109375,66105344
52034.23046875,52087.671875,51803.48046875,52004.4609375,157487104
51762.43359375,52062.0625,51697.7890625,52062.0625,399036416
51419.578125,51813.18359375,51399.6484375,51675.3359375,463654912
51720.28125,51837.58984375,51371.62890625,51371.62890625,558817280
51932.7421875,52009.76953125,51668.953125,51696.22265625,0
51972.06640625,52039.8203125,51870.39453125,51937.7265625,0
52017.1171875,52152.59765625,51937.87890625,51970.4609375,0
52180.921875,52225.67578125,51913.85546875,52005.5625,0
52317.4296875,52363.4453125,52172.1171875,52209.7109375,43028480
52167.796875,52377.46875,52167.796875,52326.19921875,0
52089.5546875,52207.49609375,52060.265625,52167.30859375,0
51899.61328125,52174.63671875,51885.76171875,52093.921875,0
51765.3046875,51965.1875,51765.3046875,51909.30078125,21819392
51856.03125,51990.84375,51751.43359375,51771.55078125,107102208
51858.69140625,51991.09375,51641.3671875,51860.1875,0
52276.03515625,52276.03515625,51832.15625,51859.88671875,56193024
52234.328125,52412.5625,52215.70703125,52296.625,136253440
52410.1015625,52422.44140625,52136.4140625,52239.12890625,0
52397.6484375,52463.63671875,52177.36328125,52412.171875,0
51904.22265625,52537.96875,51817.0625,52485.87109375,1099300864
51824.76171875,51941.9140625,51658.11328125,51941.9140625,0
52089.796875,52261.76953125,51878.1796875,51897.96875,0
52009.875,52083.91796875,51838.9453125,52061.39453125,0
51981.328125,52041.5078125,51859.9765625,52015.30859375,0
51750.2734375,52026.4609375,51696.39453125,51993.96875,0
51846.53515625,51913.5,51765.13671875,51765.13671875,0
52021.515625,52022.96484375,51797.91796875,51850.71875,0
52009.65625,52019.55078125,51935.484375,52007.703125,0
52182.3046875,52231.4453125,52009.04296875,52011.453125,0
52034.51953125,52191.9140625,52034.51953125,52161.67578125,253982720
51986.46875,52042.98046875,51899.296875,52037.83984375,0
51962.7265625,52031.98046875,51920.19921875,51989.86328125,0
51989.9765625,51991.9921875,51920.765625,51965.7734375,0
52038.06640625,52052.0234375,51951.10546875,51992.70703125,0
51916.76171875,52031.921875,51844.671875,52031.921875,0
51947.70703125,51970.7265625,51905.61328125,51921.1328125,0
51929.31640625,51967.828125,51928.2890625,51947.90625,0
51767.296875,51924.70703125,51728.234375,51924.70703125,0
51704.78125,51805.4765625,51682.85546875,51746.88671875,0
51714.7109375,51714.7109375,51529.04296875,51699.31640625,0
51698.80078125,51788.1875,51698.80078125,51718.91796875,0
51713.66015625,51726.34375,51579.3984375,51708.30859375,0
51192.375,51725.87890625,51166.4453125,51725.87890625,522672128
50850.43359375,51332.17578125,50669.66796875,51201.99609375,0
51007.89453125,51179.578125,50692.16015625,50852.0703125,0
50957.6171875,51008.2890625,50777.2578125,50999.2734375,0
51216.6015625,51255.71875,50960.1015625,50960.1015625,0
51274.81640625,51299.890625,51156.703125,51221.7265625,0
51404.9140625,51436.140625,51249.48828125,51273.9140625,0
51536.80078125,51577.27734375,51345.80078125,51398.57421875,0
51824.2734375,51998.8125,51488.97265625,51530.5546875,712259584
51688.3359375,51856.30859375,51643.31640625,51798.11328125,350308352
51665.38671875,51734.85546875,51610.3125,51718.3203125,0
51678.23046875,51764.328125,51578.546875,51661.96875,49115136
51513.2890625,51795.61328125,51513.2890625,51689.6015625,681545728
51271.30078125,51555.0703125,51233.70703125,51547.1875,343420928
51481.640625,51481.640625,51275.53515625,51275.53515625,224372736
51580.24609375,51628.390625,51484.703125,51484.703125,133855232
51655.71484375,51674.30859375,51560.671875,51582.6484375,61265920
51491.59765625,51698.3359375,51422.671875,51656.44921875,121686016
51653.078125,51733.66015625,51463.1953125,51507.84765625,0
51800.66015625,51801.328125,51661.96875,51691.14453125,0
51963.828125,51984.3203125,51804.7578125,51804.7578125,628742144
51836.59375,52046.66015625,51810.9453125,51980.76171875,0
51837.734375,51837.734375,51721.1328125,51815.6484375,0
51567.390625,51876.38671875,51567.390625,51837.2421875,54466560
51649.34375,51688.35546875,51568.7734375,51568.7734375,0
51872.1328125,51938.59765625,51640.625,51640.625,0
51794.140625,51893.33984375,51761.09765625,51893.33984375,0
51885.4296875,51885.4296875,51708.015625,51788.88671875,0
51850.95703125,51993.25,51813.23046875,51860.92578125,0
51807.0859375,51852.0703125,51674.97265625,51852.0703125,0
51780.08203125,51876.9765625,51737.4453125,51807.84375,0
51793.64453125,51793.64453125,51618.2578125,51782.96875,0
51870.09765625,51925.4375,51770.5234375,51789.85546875,0
52226.91796875,52341.01953125,51860.77734375,51871.84375,818423808
52128.39453125,52356.96484375,52020.7578125,52248.046875,1187683328
52200.421875,52347.546875,52115.546875,52134.8125,198588416
52067.4140625,52192.75390625,51930.8203125,52192.75390625,542412800
52152.6796875,52199.7890625,52069.41796875,52069.41796875,0
52068.8046875,52162.6796875,51993.37890625,52155.31640625,18673664
52083.89453125,52195.14453125,52025.14453125,52069.6640625,98326528
52128.75390625,52128.75390625,52002.41015625,52101.03515625,37111808
52382.609375,52456.19921875,52129.140625,52129.140625,828798976
52413.3671875,52483.32421875,52327.34765625,52403.49609375,187824128
52107.30078125,52413.47265625,52104.09765625,52405.77734375,281387008
52267.24609375,52352.015625,52115.0625,52115.0625,210470912
52370.53125,52435.58203125,52188.359375,52267.4375,0
52358.87890625,52404.81640625,52292.0625,52359.01953125,144211968
52308.8359375,52429.99609375,52247.703125,52348.078125,180094976
52170.26953125,52368.87109375,52128.46484375,52280.3984375,463878144
52106.42578125,52182.125,52053.125,52159.6640625,289323008
52122.29296875,52325.44921875,52060.9609375,52104.046875,359544832
51784.82421875,52218.1953125,51723.93359375,52127.40625,510439424
52116.30859375,52178.25390625,51742.4609375,51742.4609375,893132800
51955.59375,52199.453125,51942.6328125,52150.56640625,286248960
51834.828125,51934.9921875,51798.2734375,51934.9921875,227198976
51800.23046875,51932.48046875,51772.859375,51825.55859375,135405568
51891.87109375,51911.50390625,51711.8203125,51807.94921875,301080576
51947.53125,52079.14453125,51873.8203125,51905.34375,0
51770.6328125,52001.11328125,51735.0,51945.95703125,0
51648.30078125,51814.796875,51529.4921875,51777.7265625,15728640
51657.38671875,51700.953125,51334.234375,51648.64453125,442449920
51714.5,51742.80078125,51560.86328125,51644.62890625,102344704
51592.9609375,51764.625,51587.890625,51712.5234375,55515136
51788.8203125,51810.33203125,51546.23046875,51585.87109375,145778688
51897.99609375,51978.45703125,51754.61328125,51783.33203125,191070208
51931.921875,52008.796875,51896.7734375,51896.7734375,0
51826.8671875,51961.27734375,51821.27734375,51939.11328125,0
51766.7109375,51862.03125,51603.44921875,51834.4140625,31209472
51779.703125,51805.16796875,51577.91796875,51768.8828125,445601792
52095.00390625,52095.00390625,51766.578125,51766.578125,297750528
52297.24609375,52383.4765625,52112.10546875,52112.10546875,912029696
52191.640625,52375.20703125,52146.921875,52294.97265625,211326976
52816.53125,52945.05078125,52152.48828125,52185.8828125,1845221376
52013.22265625,52837.6796875,51806.7890625,52837.265625,2398855168
51707.67578125,52048.37890625,51430.74609375,52044.21484375,1877149696
51370.734375,51775.5859375,51370.734375,51686.828125,242251776
51312.4921875,51389.43359375,50792.3125,51389.43359375,1221681152
51500.45703125,51522.16015625,51251.2421875,51316.17578125,305610752
52080.46875,52084.92578125,51437.33203125,51499.16796875,660895744
52041.14453125,52214.69921875,51957.46875,52092.3671875,728858624
52073.30859375,52161.1875,51921.65625,52010.12890625,78514176
52250.43359375,52305.67578125,52020.5,52037.1875,0
52300.93359375,52490.20703125,52185.3828125,52185.3828125,557060096
52211.2890625,52368.81640625,52154.31640625,52273.53515625,0
52102.6953125,52299.109375,52071.1484375,52174.95703125,0
52078.8203125,52150.98828125,52052.24609375,52109.09765625,0
52011.828125,52081.1015625,52010.375,52077.33984375,0
51960.76171875,52015.6015625,51835.24609375,52015.6015625,0
51861.1875,52096.0625,51819.13671875,51957.1484375,0
51737.08203125,51872.28125,51685.24609375,51843.3671875,160260096
51565.7265625,51778.99609375,51541.7890625,51730.796875,955604992
51653.21875,51759.26171875,51538.7734375,51557.0078125,115965952
51059.640625,51679.7734375,51059.640625,51655.71875,0
51290.4453125,51396.765625,50911.59765625,51069.21484375,703463424
50960.74609375,51356.13671875,50845.0859375,51285.62890625,509642752
51299.2421875,51392.015625,50773.20703125,50970.76953125,1178454016
51160.62890625,51440.2265625,50977.921875,51302.140625,0
50898.1328125,51179.796875,50808.85546875,51179.796875,0
51126.1875,51292.5078125,50855.41015625,50912.37109375,0
51363.37109375,51378.2890625,51048.10546875,51145.3203125,0
50926.88671875,51398.59765625,50918.19921875,51346.37109375,0
50864.49609375,51090.75,50831.921875,50927.94140625,0
51033.4453125,51034.59765625,50671.7578125,50864.296875,17909760
50899.7578125,51119.0,50877.9375,51051.3984375,0
51371.55078125,51375.1015625,50954.6796875,50974.9375,656701440
51502.3359375,51503.21875,51237.71484375,51379.7734375,61515776
51847.05859375,51926.21484375,51509.9765625,51509.9765625,189767680
51522.41796875,51854.64453125,51522.41796875,51854.64453125,186728448
51252.09375,51623.359375,51162.2734375,51532.05859375,292648960
51417.18359375,51457.53515625,51235.3046875,51235.3046875,153937920
51585.8125,51637.88671875,51395.828125,51412.22265625,1072410624
51424.80859375,51623.33984375,51381.37109375,51576.4296875,0
51495.92578125,51642.6640625,51427.1640625,51427.1640625,102756352
51764.28125,51766.09375,51501.515625,51501.515625,0
51799.72265625,51875.796875,51648.703125,51744.4453125,0
51875.1484375,51903.48828125,51668.8984375,51799.6796875,269692928
51929.67578125,51980.9140625,51692.31640625,51867.6796875,0
51655.7890625,51905.7890625,51588.578125,51905.7890625,0
51604.3515625,51675.4375,51516.09765625,51660.92578125,0
51510.20703125,51705.05859375,51430.48046875,51606.3046875,0
51122.16796875,51500.11328125,50926.29296875,51500.11328125,107085824
51375.203125,51375.203125,51043.54296875,51131.72265625,0
51578.296875,51619.71484375,51272.953125,51343.8203125,0
51455.24609375,51724.9921875,51428.48828125,51573.37890625,0
51707.0234375,51711.203125,51448.5234375,51460.61328125,0
51700.83984375,51700.83984375,51504.6875,51689.7421875,0
51490.86328125,51700.23828125,51467.62890625,51700.23828125,0
51896.9765625,52009.61328125,51465.2734375,51497.27734375,771635200
51602.0078125,51995.34765625,51543.52734375,51995.34765625,0
51453.0546875,51705.7578125,51195.0703125,51648.29296875,329101312
51321.39453125,51461.0625,51216.80859375,51448.2734375,0
51427.8671875,51430.76171875,51235.83984375,51283.90625,0
51311.1171875,51497.93359375,51293.52734375,51430.49609375,0
51063.67578125,51389.53125,51063.67578125,51302.140625,0
51062.12890625,51095.08203125,50982.84765625,51069.06640625,131149824
51195.56640625,51291.86328125,50982.3125,51076.34765625,156203008
51222.8828125,51222.8828125,51113.765625,51204.1875,0
51287.10546875,51290.90234375,51203.28515625,51223.66796875,0
50900.875,51284.27734375,50889.1015625,51284.27734375,0
50931.484375,51125.515625,50856.66015625,50901.3125,0
50975.1953125,51033.80859375,50867.07421875,50944.87109375,0
51156.91015625,51167.3828125,50967.15234375,50993.67578125,0
51205.09765625,51230.33984375,51146.4609375,51165.97265625,0
50981.86328125,51207.51171875,50925.9375,51207.51171875,0
51048.6328125,51069.3984375,50910.34765625,50977.26171875,0
51091.66796875,51256.84375,50821.671875,51042.296875,556300288
50909.08984375,51103.69921875,50866.57421875,51103.69921875,586524672
51019.31640625,51088.93359375,50631.265625,50908.03515625,651808768
51133.71484375,51148.9375,50990.80859375,51039.5703125,0
51092.1640625,51160.6484375,51002.24609375,51134.40625,0
51068.0546875,51182.4609375,51036.7109375,51093.9921875,0
51079.02734375,51156.55859375,50971.8671875,51080.80078125,0
50983.5625,51086.37890625,50983.5625,51080.48828125,0
50775.41015625,51018.52734375,50744.56640625,50984.734375,0
50723.74609375,50890.0625,50561.77734375,50782.78515625,128350208
